{"initial_reset_timestamp": 1630416462.3976698, "timestamps": [1630416468.5039566, 1630416474.8596776, 1630416480.7770758, 1630416489.5707612, 1630416498.1452785, 1630416504.3406765, 1630416508.12754, 1630416512.842663, 1630416521.677203, 1630416530.459753], "episode_lengths": [579, 702, 645, 1000, 974, 699, 420, 538, 1000, 1000], "episode_rewards": [197.8981438180594, 216.06124582785023, 183.3876619222451, -25.92901834389426, 124.10496971724034, 232.00934111757456, 236.13691357881467, 205.70894454317724, -24.060898804377825, 130.58268513551423], "episode_types": ["t", "t", "t", "t", "t", "t", "t", "t", "t", "t"]}