{"initial_reset_timestamp": 1630246815.497791, "timestamps": [1630246818.876582, 1630246826.3826926, 1630246829.8144884, 1630246832.2212558, 1630246834.1152174, 1630246838.3513017, 1630246840.123161, 1630246842.7571876, 1630246845.1675322, 1630246847.978211], "episode_lengths": [420, 1000, 448, 317, 244, 498, 221, 338, 305, 340], "episode_rewards": [235.28154313150606, 96.8394605157593, 237.55707538161369, 228.42471983488778, 14.935898246543474, 251.68463328358314, -23.42383436572139, 65.9715568942132, -14.06277426988413, 234.25211644329534], "episode_types": ["t", "t", "t", "t", "t", "t", "t", "t", "t", "t"]}