{"initial_reset_timestamp": 1629819850.2366533, "timestamps": [1629819854.096672, 1629819857.4522042, 1629819860.722788, 1629819864.001971, 1629819867.2934322, 1629819870.6044688, 1629819873.9110541, 1629819877.4175544, 1629819880.8041866, 1629819884.1770766], "episode_lengths": [500, 500, 500, 500, 500, 500, 500, 500, 500, 500], "episode_rewards": [500.0, 500.0, 500.0, 500.0, 500.0, 500.0, 500.0, 500.0, 500.0, 500.0], "episode_types": ["t", "t", "t", "t", "t", "t", "t", "t", "t", "t"]}