{"initial_reset_timestamp": 1630162148.5056005, "timestamps": [1630162150.2658494, 1630162152.1361246, 1630162154.0807798, 1630162155.7484634, 1630162157.4184487, 1630162159.1337974, 1630162161.0625079, 1630162162.8063734, 1630162164.5594096, 1630162166.2139244], "episode_lengths": [158, 183, 191, 163, 164, 168, 190, 172, 172, 161], "episode_rewards": [158.0, 183.0, 191.0, 163.0, 164.0, 168.0, 190.0, 172.0, 172.0, 161.0], "episode_types": ["t", "t", "t", "t", "t", "t", "t", "t", "t", "t", "t"]}